Country Name,Series Name,Series Code,2002 [YR2002],2003 [YR2003],2004 [YR2004],2005 [YR2005],2006 [YR2006],2007 [YR2007],2008 [YR2008],2009 [YR2009],2010 [YR2010],2011 [YR2011],2012 [YR2012],2013 [YR2013],2014 [YR2014],2015 [YR2015],2016 [YR2016],2017 [YR2017],2018 [YR2018],2019 [YR2019],2020 [YR2020],2021 [YR2021],2022 [YR2022],2023 [YR2023]
Afghanistan,Regulatory Quality: Estimate,RQ.EST,-1.81154573,-1.463107824,-1.511548996,-1.643440247,-1.689468622,-1.708872318,-1.607166886,-1.664507627,-1.516528249,-1.536323905,-1.192579746,-1.1930902,-1.124133706,-1.018826246,-1.339695096,-1.363010406,-1.138203621,-1.113777995,-1.389163017,-1.311682105,-1.27180624,-1.266425252
Albania,Regulatory Quality: Estimate,RQ.EST,-0.311400771,-0.490216553,-0.187491566,-0.400731236,-0.148599386,0.034550302,0.137666509,0.241446003,0.233281955,0.283972561,0.240491986,0.254160255,0.279037684,0.174237311,0.186607629,0.220610321,0.256079823,0.272065461,0.221967235,0.175859392,0.159353822,0.171953663
Algeria,Regulatory Quality: Estimate,RQ.EST,-0.574951589,-0.481900811,-0.441777736,-0.341526747,-0.500463128,-0.522581637,-0.624736011,-0.964235187,-1.104800701,-1.212379932,-1.320389032,-1.138440609,-1.30188942,-1.256905794,-1.241429925,-1.279498816,-1.346901417,-1.388313293,-1.355300307,-1.181962967,-1.063573241,-0.948087156
American Samoa,Regulatory Quality: Estimate,RQ.EST,..,..,0.497606158,0.368987888,0.360797524,0.376145482,0.390816242,0.402511686,0.39395842,0.386368304,0.358625293,0.362132907,0.177999645,0.151204303,0.12152876,-0.273731589,-0.306241989,-0.325278997,0.525310516,0.534613013,0.545899749,0.512013555
Andorra,Regulatory Quality: Estimate,RQ.EST,1.422462821,1.414684296,1.41426146,1.359160781,1.34977591,1.378267288,1.398588419,1.405673504,1.389426827,1.611425281,1.561860085,1.558740973,0.880748272,0.898378432,0.860476732,1.200184584,1.187329054,1.221926212,1.335421324,1.359349608,1.398334026,1.350545764
Angola,Regulatory Quality: Estimate,RQ.EST,-1.294135094,-1.187467456,-1.226713538,-1.240036249,-1.156215668,-1.075312614,-1.101495981,-1.059525251,-1.0602175,-1.107531548,-0.990437567,-1.041670442,-0.860683441,-0.863671422,-0.969250917,-1.045466542,-0.800683141,-0.833844543,-0.856853485,-0.670014679,-0.606698573,-0.761388183
Anguilla,Regulatory Quality: Estimate,RQ.EST,..,..,0.907688737,1.111617446,1.34977591,1.378267288,1.398588419,1.405673504,1.389426827,1.36641407,1.321213126,1.319419265,0.880748272,0.898378432,0.860476732,0.831705511,0.813936293,0.83512485,0.93036598,0.946981251,0.972116888,0.931279719
Antigua and Barbuda,Regulatory Quality: Estimate,RQ.EST,0.698325157,0.682984054,0.582346559,0.584638536,0.547179878,0.530372381,0.642759264,0.653302133,0.642825544,0.631379724,0.599272251,0.601454556,0.529373944,0.355818599,0.328430951,0.237126812,0.401309967,0.470356703,0.497693717,0.374506027,0.289086968,0.54603678
Argentina,Regulatory Quality: Estimate,RQ.EST,-0.880716562,-0.69147563,-0.6980353,-0.525074363,-0.614566982,-0.63569355,-0.702629447,-0.830836773,-0.742940903,-0.701964378,-0.897686779,-0.928134799,-1.066149592,-0.898022354,-0.347571164,-0.196430206,-0.195977628,-0.4530797,-0.498344272,-0.631172717,-0.697565734,-0.482535392
Armenia,Regulatory Quality: Estimate,RQ.EST,0.056333646,0.167570353,0.109250002,0.089062668,0.292330682,0.265207171,0.300939858,0.27345407,0.268946558,0.246940598,0.334273398,0.235182688,0.158519909,0.189176843,0.205158383,0.228397325,0.350590289,0.242604271,0.238748029,0.131828442,-0.019078802,0.047635019
Aruba,Regulatory Quality: Estimate,RQ.EST,..,..,0.762953818,0.864074349,0.855286777,0.877206326,0.894702375,1.28930068,1.344837785,1.317276955,1.402131438,1.420879602,1.245360851,1.358142495,1.335744977,1.181481123,0.846328259,0.846234202,0.914808512,0.939555347,0.967042565,0.946606338
Australia,Regulatory Quality: Estimate,RQ.EST,1.421155572,1.575263143,1.711219549,1.599512935,1.62376225,1.684215903,1.766017556,1.816927552,1.695976734,1.852122784,1.778897166,1.79121995,1.857373476,1.777410269,1.885731459,1.923002362,1.896577239,1.864646077,1.813946962,1.831182718,1.894893289,1.942205548
Austria,Regulatory Quality: Estimate,RQ.EST,1.538056254,1.537136078,1.514102817,1.604957461,1.644411087,1.691163898,1.60645175,1.450018525,1.450515866,1.376976848,1.517164707,1.482213736,1.482170105,1.390447021,1.428890109,1.427861452,1.524036407,1.446407318,1.395227313,1.340415716,1.283199787,1.361369729
Azerbaijan,Regulatory Quality: Estimate,RQ.EST,-0.731832385,-0.601958394,-0.621019125,-0.580545425,-0.52337569,-0.466508985,-0.367752314,-0.316738784,-0.392555356,-0.386364639,-0.488716811,-0.425340503,-0.268493652,-0.37079981,-0.395615548,-0.37242043,-0.314388335,-0.223895654,-0.336040139,-0.065053962,-0.103344202,-0.108809568
"Bahamas, The",Regulatory Quality: Estimate,RQ.EST,1.297623158,1.153908849,1.124398232,1.104997158,1.050473452,1.028546214,1.052829504,0.801063418,0.54899472,0.523855805,0.390349686,0.18655315,0.169124857,0.147471294,0.244631112,0.106517658,0.167803615,-0.05739595,0.001366154,0.061612576,-0.146485969,0.007183752
Bahrain,Regulatory Quality: Estimate,RQ.EST,0.867863119,0.621469796,0.702606559,0.659460783,0.682441473,0.76476717,0.711206675,0.692689776,0.712015808,0.716491401,0.684159577,0.602282524,0.704518795,0.804019332,0.595875561,0.401158452,0.405416608,0.471980393,0.614857495,0.836070001,0.970633507,1.077985287
Bangladesh,Regulatory Quality: Estimate,RQ.EST,-1.055441499,-1.044749141,-1.175912261,-1.081751704,-1.005542517,-0.953167856,-0.91451782,-0.866342843,-0.85759306,-0.81707859,-0.959472537,-0.923936903,-0.955160499,-0.920240402,-0.811327994,-0.824757457,-0.849186778,-0.937222183,-0.906213522,-0.846353292,-0.927658916,-0.91415298
Barbados,Regulatory Quality: Estimate,RQ.EST,1.082827806,1.122136354,1.079337835,1.154088497,1.000414729,1.080889106,0.881122231,0.584923089,0.505651414,0.642964423,0.448699445,0.45251441,0.335401326,0.549227178,0.468561351,0.479722232,0.531776667,0.398749411,0.467795849,0.550468504,0.476500303,0.503107727
Belarus,Regulatory Quality: Estimate,RQ.EST,-1.395955443,-1.30027616,-1.190362096,-1.44191277,-1.596236467,-1.42256093,-1.246820211,-1.157031417,-1.188309073,-1.323641777,-1.174061537,-1.159445167,-1.099450231,-1.166400194,-1.090832591,-0.859442651,-0.815192759,-0.673096418,-0.799875796,-0.92898792,-1.33121407,-1.419533491
Belgium,Regulatory Quality: Estimate,RQ.EST,1.254180551,1.281626225,1.346416473,1.271361947,1.329937816,1.420544147,1.405670285,1.310220242,1.282815099,1.236216903,1.222170353,1.283747077,1.152885199,1.273960829,1.32856822,1.233548641,1.259039402,1.276537299,1.343635798,1.331859708,1.252955198,1.168224812
Belize,Regulatory Quality: Estimate,RQ.EST,0.14991577,0.165346131,-0.118548453,0.068797342,-0.301703036,-0.352246404,-0.382103831,-0.368749797,-0.335602492,-0.37844494,-0.436850935,-0.447350562,-0.461533755,-0.440686822,-0.494319975,-0.556015551,-0.666695118,-0.559759736,-0.550579548,-0.424278557,-0.43876633,-0.430582851
Benin,Regulatory Quality: Estimate,RQ.EST,-0.573989809,-0.621432841,-0.619886994,-0.641528606,-0.461876184,-0.506433964,-0.554605663,-0.398531437,-0.401749998,-0.40187946,-0.401261717,-0.415549964,-0.620842099,-0.621767402,-0.58305639,-0.52358681,-0.39342612,-0.446330428,-0.483431756,-0.44798848,-0.348364651,-0.2958363
Bermuda,Regulatory Quality: Estimate,RQ.EST,1.422462821,1.414684296,1.438383937,1.359160781,1.34977591,1.378267288,1.398588419,1.405673504,1.389426827,1.36641407,1.321213126,1.319419265,0.880748272,0.898378432,0.860476732,0.831705511,0.813936293,0.83512485,0.93036598,0.946981251,0.972116888,0.931279719
Bhutan,Regulatory Quality: Estimate,RQ.EST,-0.50857091,-0.04871612,-0.915191174,-0.286168545,-0.577596843,-0.70974499,-0.765467465,-1.071835279,-1.158943653,-1.154204845,-1.093008518,-1.086755395,-1.014745593,-0.735030413,-0.691017687,-0.341520548,-0.376959831,-0.359623849,-0.330750853,-0.405656159,-0.381970435,-0.401030838
Bolivia,Regulatory Quality: Estimate,RQ.EST,-0.090073593,-0.152667001,-0.265374273,-0.693852127,-0.888415873,-0.98601824,-0.864422381,-0.873411775,-0.797301412,-0.763345361,-0.832377791,-0.78638947,-0.886673927,-0.919425428,-1.019731879,-0.995769382,-1.007106662,-1.001956344,-1.035290122,-1.16856575,-1.210536242,-1.177118778
Bosnia and Herzegovina,Regulatory Quality: Estimate,RQ.EST,-0.607061386,-0.46620518,-0.23462072,-0.578913093,-0.468090147,-0.286616474,-0.175438628,-0.110355966,-0.119476207,-0.058966167,-0.061737765,-0.074898683,-0.041672681,-0.184997484,-0.13902089,-0.057750978,-0.14139466,-0.128735393,-0.18239288,-0.19508715,-0.157615319,-0.141291112
Botswana,Regulatory Quality: Estimate,RQ.EST,0.900155962,0.844509065,0.763184726,0.720574915,0.610028148,0.63324821,0.644565642,0.607087076,0.578393817,0.576675236,0.692556441,0.635518551,0.764807999,0.552077174,0.727797985,0.595029831,0.62392962,0.498032212,0.527586281,0.600826502,0.621043563,0.497434795
Brazil,Regulatory Quality: Estimate,RQ.EST,0.182567075,0.196701482,0.037414186,0.036901258,-0.041273385,-0.02283462,0.07702741,0.127607271,0.246619865,0.25802207,0.173244089,0.146290123,-0.028219953,-0.181910038,-0.189951748,-0.130978867,-0.293125451,-0.121404096,-0.111011527,-0.121613994,-0.220437631,-0.296478212
Brunei Darussalam,Regulatory Quality: Estimate,RQ.EST,1.051712155,1.001172066,1.196243405,0.910222888,0.935711622,0.986057281,0.78394568,1.084986091,1.108142734,1.14903605,1.145500064,1.098578215,0.980604351,0.836912334,0.580995679,0.703710616,0.676745415,0.624943495,0.904901445,0.987135231,1.067043424,0.976891637
Bulgaria,Regulatory Quality: Estimate,RQ.EST,0.52767992,0.668375254,0.707843781,0.657545507,0.616540432,0.643360615,0.734121799,0.694785178,0.680432558,0.552520037,0.574710846,0.549109817,0.585273623,0.57826829,0.701290071,0.657786608,0.605752707,0.530806184,0.460990727,0.433977693,0.320686907,0.407896698
Burkina Faso,Regulatory Quality: Estimate,RQ.EST,-0.137807384,-0.361612886,-0.329019099,-0.456178695,-0.396016359,-0.313472509,-0.229373604,-0.141745225,-0.208372116,-0.205170572,-0.139083847,-0.197507471,-0.340953946,-0.424238205,-0.447476685,-0.48115766,-0.40524897,-0.422923088,-0.482700348,-0.48016727,-0.468305677,-0.485633552
Burundi,Regulatory Quality: Estimate,RQ.EST,-1.214292169,-1.20160675,-1.191961408,-1.337775469,-1.189755201,-1.228424907,-1.240296006,-1.167749643,-1.122368693,-1.020373702,-0.952941537,-0.900794625,-0.733122706,-0.755148113,-0.854655147,-0.869032145,-1.009911776,-0.991803586,-1.06177187,-1.0019871,-0.947485685,-0.985730171
Cabo Verde,Regulatory Quality: Estimate,RQ.EST,-0.259639919,-0.282602161,-0.462027729,-0.365165055,-0.287643552,-0.326841533,-0.188693181,-0.05580043,-0.146439359,0.000159229,0.019716209,-0.115504146,-0.24127388,-0.162442341,-0.194087252,-0.079857938,-0.036307488,-0.024774076,0.160896987,0.268863976,0.263682216,0.242902502
Cambodia,Regulatory Quality: Estimate,RQ.EST,-0.19533518,-0.420781255,-0.456693709,-0.533687413,-0.616633773,-0.493607432,-0.461728305,-0.495730013,-0.491047919,-0.591842175,-0.355143368,-0.352435142,-0.439880818,-0.549874783,-0.493561119,-0.521751225,-0.536904514,-0.609220564,-0.661108851,-0.686099589,-0.709801018,-0.684618413
Cameroon,Regulatory Quality: Estimate,RQ.EST,-1.02413702,-0.9727934,-0.720635176,-0.912781835,-0.842229605,-0.836638272,-0.818746328,-0.769573271,-0.753017664,-0.810016274,-0.931122065,-0.959768236,-0.898471713,-0.936662197,-0.809304059,-0.846451879,-0.812619865,-0.847178757,-0.830199361,-0.934422612,-0.898889482,-0.91347301
Canada,Regulatory Quality: Estimate,RQ.EST,1.53391695,1.52460897,1.616421103,1.565749764,1.558656931,1.606389523,1.650943518,1.696578741,1.693430305,1.684840202,1.707194686,1.729890943,1.838725328,1.706058025,1.727414131,1.879655957,1.699419856,1.710002422,1.592589736,1.613764048,1.677092791,1.644710422
Cayman Islands,Regulatory Quality: Estimate,RQ.EST,1.422462821,1.414684296,1.462506533,1.359160781,1.34977591,1.378267288,1.146645427,1.162789583,1.157036424,1.135535717,1.102402806,1.111847997,0.848234236,0.798683226,0.774339616,0.740515828,0.966315627,0.970051646,1.045568824,1.052494287,1.085572481,1.066761255
Central African Republic,Regulatory Quality: Estimate,RQ.EST,-0.977119625,-1.119567871,-1.201090693,-1.317781329,-1.270379066,-1.265753269,-1.194054246,-1.257949591,-1.162961602,-1.197331548,-1.073146105,-1.169390798,-1.389235854,-1.443189144,-1.416793942,-1.493803859,-1.394326091,-1.383874416,-1.502297163,-1.509714484,-1.474184155,-1.46841526
Chad,Regulatory Quality: Estimate,RQ.EST,-1.026069403,-1.049728274,-0.832159936,-1.201513171,-1.080308914,-1.117924452,-1.152502775,-1.074161172,-1.080664158,-1.037201643,-1.069833875,-1.005923748,-1.162166953,-1.223443151,-1.181247473,-1.225705624,-1.124444842,-1.124400854,-1.125309587,-1.171825171,-1.14935708,-1.156420708
Chile,Regulatory Quality: Estimate,RQ.EST,1.318496346,1.333441377,1.367984176,1.312464714,1.423894644,1.485586524,1.502484918,1.427399278,1.415171146,1.440535307,1.536198139,1.48287189,1.484589577,1.319842696,1.363908291,1.325499177,1.300452352,1.158493161,0.948647738,0.936240256,0.978411138,0.925731719
China,Regulatory Quality: Estimate,RQ.EST,-0.582765877,-0.392048836,-0.346228838,-0.183769479,-0.258387208,-0.23336342,-0.2183934,-0.298093945,-0.320954978,-0.25913626,-0.284332842,-0.331608176,-0.331334412,-0.354117453,-0.314001739,-0.179426417,-0.228585526,-0.304319978,-0.20264338,-0.332243532,-0.418417633,-0.356507808
Colombia,Regulatory Quality: Estimate,RQ.EST,-0.023263086,-0.126518682,-0.086416334,-0.016363759,0.106225543,0.284262538,0.272389978,0.088281721,0.157253936,0.279601455,0.326594681,0.339824229,0.444412023,0.407719731,0.339025348,0.257446647,0.224889174,0.317910939,0.225666419,0.202144697,0.140449166,0.101034269
Comoros,Regulatory Quality: Estimate,RQ.EST,-0.991329432,-1.268216372,-1.410386324,-1.549022436,-1.484882712,-1.438882232,-1.462280512,-1.538727045,-1.395898819,-1.361962438,-1.386602283,-1.216394186,-1.123272777,-1.091543794,-1.098677754,-1.099254131,-1.18982172,-1.19900012,-1.258211136,-1.271066189,-1.200538039,-1.238432407
"Congo, Dem. Rep.",Regulatory Quality: Estimate,RQ.EST,-1.705047011,-1.682577014,-1.668423772,-1.6125772,-1.269039035,-1.255248904,-1.28233397,-1.513494611,-1.548083067,-1.502857208,-1.479630232,-1.260716438,-1.373449683,-1.359948158,-1.321727157,-1.480561614,-1.488919735,-1.522064447,-1.511245608,-1.440397143,-1.47606945,-1.408575654
"Congo, Rep.",Regulatory Quality: Estimate,RQ.EST,-1.000559449,-1.166191697,-1.008587837,-1.298925042,-1.168881059,-1.172009587,-1.222556591,-1.280302286,-1.252167344,-1.25671804,-1.354313612,-1.353200316,-1.222189546,-1.278375983,-1.206565738,-1.410275459,-1.412853241,-1.292212963,-1.452166677,-1.233001828,-1.261431336,-1.239406347
Cook Islands,Regulatory Quality: Estimate,RQ.EST,..,..,..,0.557400227,0.589433074,0.142696366,..,-0.941210926,-1.237750173,-1.170443416,-1.141286612,-1.157471299,..,..,..,..,..,..,..,..,-0.076762997,-0.092945367
Costa Rica,Regulatory Quality: Estimate,RQ.EST,0.4414334,0.623164058,0.546658218,0.594156504,0.382123381,0.450156897,0.56618762,0.518184364,0.586027026,0.596260905,0.743631065,0.747273743,0.656426251,0.664466143,0.526479542,0.433504254,0.476172715,0.544661999,0.477579594,0.438738018,0.567061722,0.543547571
Cote d'Ivoire,Regulatory Quality: Estimate,RQ.EST,-0.420426428,-0.751793325,-1.032016993,-0.955394089,-0.928464115,-0.881731987,-0.929746807,-0.972751558,-0.926222563,-0.889401078,-0.77617842,-0.753439784,-0.618877172,-0.554926515,-0.422826767,-0.406880409,-0.254712522,-0.300067455,-0.381347746,-0.268797159,-0.152012959,-0.116081379
Croatia,Regulatory Quality: Estimate,RQ.EST,0.294281095,0.466213048,0.531916022,0.475249559,0.365195125,0.411397368,0.413963556,0.472275615,0.489483297,0.442892551,0.353815705,0.369632989,0.276575357,0.237562642,0.238647386,0.299445987,0.489818364,0.552517653,0.362314552,0.493546575,0.502549887,0.643900275
Cuba,Regulatory Quality: Estimate,RQ.EST,-1.298667908,-1.457226515,-1.60239172,-1.319814682,-1.432405114,-1.561059356,-1.496801257,-1.602462769,-1.671913028,-1.626945496,-1.561159611,-1.580737233,-1.324815989,-1.249272585,-1.35518074,-1.351480842,-1.479342222,-1.505015373,-1.530463457,-1.454427838,-1.381859422,-1.501361966
Cyprus,Regulatory Quality: Estimate,RQ.EST,1.193389654,1.181729555,1.219127893,1.220127702,1.276648402,1.33180058,1.367998362,1.360155106,1.42102325,1.231003046,1.124545097,0.910857201,1.094099283,1.047650456,1.040424824,1.018480539,0.862575233,0.999724805,0.993247628,0.845392525,0.773753822,0.778258264
Czechia,Regulatory Quality: Estimate,RQ.EST,1.11261797,1.136814356,0.999590993,1.109028459,1.108067632,1.053171277,1.222459078,1.309280157,1.297292113,1.195796847,1.053033829,1.078564048,1.001393437,1.083915234,0.973719299,1.222556353,1.267307997,1.235328674,1.234668493,1.340872288,1.385898352,1.30448854
Denmark,Regulatory Quality: Estimate,RQ.EST,1.711368322,1.73271966,1.748650074,1.649631262,1.803427815,1.92670846,1.873647332,1.878651261,1.873854399,1.898631096,1.799161315,1.800287366,1.681104422,1.722940087,1.563642383,1.612157822,1.628394127,1.547632575,1.785724521,1.795592904,1.843127489,1.839519858
Djibouti,Regulatory Quality: Estimate,RQ.EST,-0.669195592,-0.730550408,-0.744668663,-0.845473588,-0.840129256,-0.780036867,-0.723590732,-0.660491347,-0.67632699,-0.589609206,-0.456313699,-0.543590784,-0.575449884,-0.752352297,-0.749578178,-0.689585388,-0.74160254,-0.821162224,-0.857029617,-0.885837376,-0.899799407,-0.933053493
Dominica,Regulatory Quality: Estimate,RQ.EST,0.939704359,0.926884115,0.75061506,0.801017344,0.905649722,0.71949774,0.484056324,0.497561961,0.347569495,0.231762484,0.298656762,0.287560463,0.282481492,0.240542606,0.178615317,0.136305436,0.125301272,0.151736706,0.268519282,0.28997007,0.341509432,0.308252662
Dominican Republic,Regulatory Quality: Estimate,RQ.EST,-0.256923527,-0.390229702,-0.446592063,-0.392353922,-0.233389333,-0.223225877,-0.161350831,-0.163394451,-0.116028167,-0.173335299,-0.061866112,-0.021130007,0.033338461,0.014078783,-0.009296678,-0.038681243,-0.028536692,-0.018773297,0.023165073,0.077950858,0.069547787,0.171186909
Ecuador,Regulatory Quality: Estimate,RQ.EST,-0.729014635,-0.723995984,-0.699335694,-0.777636588,-1.098829389,-1.136937976,-1.127548575,-1.259179473,-1.12405169,-0.956343532,-0.943592429,-0.83761102,-0.920283794,-1.141577363,-0.958474398,-1.023587346,-0.886888802,-0.796693981,-0.871133387,-0.719614744,-0.459721535,-0.718200982
"Egypt, Arab Rep.",Regulatory Quality: Estimate,RQ.EST,-0.456903666,-0.574796617,-0.56948185,-0.453026265,-0.407716185,-0.317137003,-0.201634988,-0.177818,-0.147598043,-0.246938586,-0.385591775,-0.557433128,-0.687225044,-0.796363056,-0.89287591,-0.813245595,-0.804274797,-0.758563221,-0.571031153,-0.519896507,-0.713920832,-0.665456295
El Salvador,Regulatory Quality: Estimate,RQ.EST,-0.169806421,-0.24624534,0.000375591,-0.257205307,-0.073802739,0.087128989,0.150920913,0.283810049,0.337437302,0.403908849,0.22834833,0.227205575,0.222213238,0.067986883,-0.050619148,-0.169971138,-0.016186897,-0.037950449,-0.08524321,-0.363843024,-0.46272406,-0.307905406
Equatorial Guinea,Regulatory Quality: Estimate,RQ.EST,-1.486513615,-1.43353641,-1.558325887,-1.468349099,-1.50492835,-1.452512741,-1.445690989,-1.471023321,-1.548465967,-1.487338662,-1.600315809,-1.543533206,-1.465663552,-1.488685846,-1.55810082,-1.575709939,-1.655249238,-1.69174087,-1.714255929,-1.732519746,-1.493266106,-1.474425912
Eritrea,Regulatory Quality: Estimate,RQ.EST,-1.214292169,-1.508441091,-1.591026902,-1.709820509,-2.019072771,-2.018736362,-2.083861828,-2.206664562,-2.163246393,-2.164820433,-2.204118252,-2.227406979,-2.085847378,-2.066944361,-2.110893965,-2.170877934,-2.193431616,-2.192136765,-2.15805459,-2.279725552,-2.369392633,-2.362993002
Estonia,Regulatory Quality: Estimate,RQ.EST,1.263140082,1.17419982,1.225506902,1.247087121,1.29370141,1.322783232,1.388366342,1.392692685,1.388202071,1.385317087,1.410284042,1.439240932,1.670609236,1.658324718,1.687963724,1.634040952,1.544832945,1.580124617,1.529534817,1.547994375,1.558964491,1.429643512
Eswatini,Regulatory Quality: Estimate,RQ.EST,-0.259639919,-0.282602161,-0.533950925,-0.43434453,-0.363591105,-0.571789563,-0.436524838,-0.369996488,-0.396744579,-0.407737106,-0.303469598,-0.147563919,-0.220856681,-0.260019839,-0.263931721,-0.260979354,-0.506258011,-0.531037092,-0.492181957,-0.602753639,-0.718993604,-0.717471898
Ethiopia,Regulatory Quality: Estimate,RQ.EST,-1.232779026,-1.155828953,-0.99161458,-1.11570704,-1.028316259,-0.982684672,-0.899132013,-0.931926727,-0.848106444,-0.994923115,-1.050038218,-1.135668755,-1.078414083,-1.057965159,-1.109604597,-1.029797673,-0.984722435,-0.910632014,-0.975501299,-0.941965938,-0.948417425,-1.021079421
Fiji,Regulatory Quality: Estimate,RQ.EST,0.14991577,-0.282602161,-0.727014661,-0.399358898,-0.383677423,-0.372163326,-0.700911939,-0.971093595,-0.564225972,-0.451289445,-0.587406158,-0.525646508,-0.256007999,-0.235928744,-0.228087187,0.064638801,0.039544772,0.033455677,-0.102151036,-0.005294391,-0.060217202,-0.090223096
Finland,Regulatory Quality: Estimate,RQ.EST,1.815653443,1.826323748,1.780430794,1.661587238,1.601819754,1.548881292,1.610931396,1.809459329,1.873101711,1.813329816,1.821589112,1.841672182,1.877657652,1.825734973,1.806552529,1.812274694,1.779110193,1.840472221,1.850898266,1.887125611,1.77915287,1.765149355
France,Regulatory Quality: Estimate,RQ.EST,0.975888848,1.215464473,1.21646452,1.244961619,1.239821672,1.287566423,1.284252644,1.214702845,1.310160756,1.156042576,1.124174118,1.149894834,1.074068427,1.115807652,1.058618426,1.146484733,1.147498608,1.431537747,1.189461946,1.230373263,1.188952327,1.153505445
French Guiana,Regulatory Quality: Estimate,RQ.EST,0.939704359,0.926884115,0.521728635,0.864074349,0.855286777,0.877206326,0.894702375,1.193924904,1.233637691,1.208637595,1.265025139,1.282283783,1.453038692,1.437460661,1.418123603,1.270511866,1.297700882,1.305004478,1.176329136,1.165433407,1.085572481,1.066761255
Gabon,Regulatory Quality: Estimate,RQ.EST,-0.078409515,-0.058016263,-0.430164129,-0.060104385,-0.301130533,-0.382520467,-0.560679853,-0.477560759,-0.435533315,-0.45647487,-0.532351732,-0.614103138,-0.693132579,-0.732971966,-0.717620611,-0.713986635,-0.889868915,-0.9584288,-0.881805599,-0.821126997,-0.702257216,-0.70481956
"Gambia, The",Regulatory Quality: Estimate,RQ.EST,-0.527075648,-0.474271208,-0.517802238,-0.614453137,-0.483886421,-0.485150635,-0.493136615,-0.412360966,-0.480537474,-0.351987541,-0.257835358,-0.377716362,-0.498851091,-0.580959022,-0.581205726,-0.511482894,-0.673881352,-0.717234313,-0.759016037,-0.88969934,-0.714570105,-0.63958782
Georgia,Regulatory Quality: Estimate,RQ.EST,-0.736232042,-0.617242515,-0.437420189,-0.604643524,-0.128548279,0.29865846,0.475642592,0.508792341,0.586639822,0.651625037,0.664130926,0.725804985,0.760027528,0.750866294,0.861489713,0.949060202,1.031990647,1.026524186,1.001167655,1.05341959,1.032308698,0.946578145
Germany,Regulatory Quality: Estimate,RQ.EST,1.510943174,1.501877904,1.469573021,1.515106559,1.568908811,1.616165519,1.488884568,1.516452789,1.570686102,1.548867702,1.529082894,1.544340372,1.697039127,1.711914659,1.80655396,1.775263429,1.756326795,1.714938879,1.577934742,1.625161171,1.522294998,1.456974983
Ghana,Regulatory Quality: Estimate,RQ.EST,-0.508185565,-0.280945212,-0.380256206,-0.183413431,-0.107713647,-0.11200542,-0.111344561,0.037200317,0.053548459,0.08171653,0.098503292,0.06181078,-0.047670737,-0.107558236,-0.299607873,-0.188691199,-0.141936392,-0.185462952,-0.13057971,-0.215175912,-0.178818703,-0.180652201
Greece,Regulatory Quality: Estimate,RQ.EST,0.946032047,0.987252712,0.836224496,0.958650231,0.85774231,0.894383371,0.881061792,0.834921479,0.642821491,0.492343783,0.521992683,0.628217578,0.326164484,0.391890466,0.135288879,0.223808303,0.402087927,0.517325819,0.536497653,0.426903695,0.464378983,0.578935325
Greenland,Regulatory Quality: Estimate,RQ.EST,..,..,..,..,..,..,..,1.347970366,1.362122059,1.325378656,1.368418336,1.389455199,1.372971773,1.339194775,1.321772575,1.31009078,1.359109879,1.347490788,1.375887871,1.358858824,1.203171611,1.206905842
Grenada,Regulatory Quality: Estimate,RQ.EST,0.456945926,0.439084023,0.287876695,0.362456709,0.531951129,0.416656256,0.217183694,0.239426047,0.272228628,0.22665973,0.251317769,0.248430222,0.178317696,0.090181768,0.060779456,-0.055412564,-0.275289863,-0.293633938,-0.122246236,0.307351559,0.393730491,0.314693749
Guam,Regulatory Quality: Estimate,RQ.EST,..,..,0.714708745,0.616531134,0.608042121,0.626675904,0.642759264,0.653302133,0.642825544,0.631379724,0.599272251,0.601454556,0.177999645,0.151204303,0.12152876,0.094747439,0.067150779,0.061522298,0.525310516,0.534613013,0.545899749,0.512013555
Guatemala,Regulatory Quality: Estimate,RQ.EST,-0.165764809,-0.349703223,-0.226334214,-0.500911415,-0.315376073,-0.305537134,-0.252038717,-0.216534749,-0.172244892,-0.211610183,-0.263000935,-0.287112713,-0.284290075,-0.325637251,-0.29981479,-0.369947046,-0.291999519,-0.33517915,-0.270502895,-0.327891737,-0.291810006,-0.290354937
Guinea,Regulatory Quality: Estimate,RQ.EST,-1.113725543,-0.970146477,-1.01313293,-1.037126303,-1.143164992,-1.187397957,-1.166003227,-1.123585939,-1.059894323,-1.00237,-1.019625306,-1.024412274,-1.069671392,-0.900185466,-0.888324559,-0.864646614,-0.80640924,-0.812190235,-0.878001869,-0.980414152,-1.050104618,-1.076057434
Guinea-Bissau,Regulatory Quality: Estimate,RQ.EST,-0.881491482,-0.850086212,-1.188359499,-1.124477863,-0.980062366,-1.135290623,-1.197473884,-1.195079803,-1.123641849,-1.124466658,-1.228919864,-1.289142847,-1.212226987,-1.234598279,-1.245133281,-1.217776179,-1.243483424,-1.271798849,-1.286226392,-1.275529623,-1.321488976,-1.249875188
Guyana,Regulatory Quality: Estimate,RQ.EST,-0.346247435,-0.340948224,-0.387165576,-0.495723665,-0.613583863,-0.620565355,-0.586162806,-0.623867869,-0.605241239,-0.678618312,-0.626173019,-0.608322561,-0.528059959,-0.530868948,-0.430909157,-0.401308507,-0.540220737,-0.611618996,-0.536126554,-0.522020161,-0.527693391,-0.563037872
Haiti,Regulatory Quality: Estimate,RQ.EST,-1.093482494,-1.133565903,-1.479856372,-1.222022891,-0.862635136,-0.837894082,-0.778468251,-0.938361287,-1.028236032,-1.055708051,-0.946483672,-0.940709591,-1.082755566,-1.20612669,-1.258485794,-1.346591115,-1.302295089,-1.315816402,-1.256036758,-1.339318514,-1.314384341,-1.390601754
Honduras,Regulatory Quality: Estimate,RQ.EST,-0.536085248,-0.5933339,-0.42958352,-0.625240624,-0.457659006,-0.282702386,-0.316503912,-0.310121268,-0.246572301,-0.152864039,-0.205009326,-0.197600991,-0.408311367,-0.417710304,-0.530846298,-0.451085269,-0.448792905,-0.495705456,-0.49494037,-0.534852624,-0.485292733,-0.550886929
"Hong Kong SAR, China",Regulatory Quality: Estimate,RQ.EST,1.677312016,1.894880176,1.948582768,1.788501024,1.935689688,1.985213518,1.954249501,1.816798806,1.874030828,1.775727272,1.940345645,1.919577956,2.050772667,2.181102514,2.143695831,2.157429934,2.221291542,1.975533724,1.784205079,1.568099856,1.589801431,1.604331732
Hungary,Regulatory Quality: Estimate,RQ.EST,1.259091735,1.118963718,1.168114185,1.047473431,1.20098865,1.206072092,1.17410326,1.081859827,1.014453888,1.027545452,0.982062161,0.899946392,0.747946262,0.750261426,0.590769053,0.637029111,0.563642383,0.592322171,0.469366848,0.48528415,0.406537682,0.318309367
Iceland,Regulatory Quality: Estimate,RQ.EST,1.505573153,1.630003452,1.612708211,1.602320313,1.526693583,1.50993681,1.310835004,1.013762355,0.920679152,1.051945329,1.113124132,1.132940769,1.21289432,1.260977149,1.265838504,1.423144698,1.408245683,1.362990022,1.443012118,1.527742386,1.307296515,1.284443855
India,Regulatory Quality: Estimate,RQ.EST,-0.381400049,-0.38163045,-0.37812984,-0.291889518,-0.283315152,-0.313716233,-0.413643241,-0.34953326,-0.410472035,-0.363154948,-0.480885625,-0.478094786,-0.475076437,-0.424956709,-0.311531931,-0.256661296,-0.225996733,-0.150565445,-0.128488675,-0.090854593,-0.050446417,-0.136969581
Indonesia,Regulatory Quality: Estimate,RQ.EST,-0.742287338,-0.866097331,-0.735824227,-0.64694804,-0.39619559,-0.388591677,-0.346988946,-0.314694703,-0.380860597,-0.310188621,-0.221852913,-0.123265877,-0.00835875,-0.158227473,-0.031375799,0.027927501,-0.021816468,0.02895139,0.216156706,0.287561029,0.205959961,0.301378757
"Iran, Islamic Rep.",Regulatory Quality: Estimate,RQ.EST,-1.316698909,-1.227163076,-1.272096038,-1.174625516,-1.416593909,-1.597211242,-1.607343316,-1.705812454,-1.709232807,-1.521202803,-1.426018596,-1.490508676,-1.457488894,-1.338996291,-1.245724201,-1.220894933,-1.395849705,-1.442500114,-1.485808253,-1.633865952,-1.592711329,-1.687473536
Iraq,Regulatory Quality: Estimate,RQ.EST,-1.995086551,-1.446560979,-1.651529431,-1.538951278,-1.395052671,-1.324417114,-1.147575021,-1.005858898,-1.02928555,-1.009962082,-1.140616536,-1.129338264,-1.133842707,-1.151692867,-0.991360605,-1.110490203,-1.063863158,-1.096590996,-1.33956039,-1.12823391,-1.180485129,-1.438327312
Ireland,Regulatory Quality: Estimate,RQ.EST,1.719497442,1.58466208,1.56711328,1.487961888,1.837045074,1.850816965,1.914259195,1.695926785,1.618432999,1.594802141,1.563885331,1.574061632,1.758731842,1.808115005,1.729347944,1.575309157,1.619364977,1.59087956,1.467447162,1.552541137,1.639560819,1.749363899
Israel,Regulatory Quality: Estimate,RQ.EST,0.919349909,0.905544698,0.817563415,0.861688018,0.99716562,1.100586653,1.171262383,1.099005699,1.214825153,1.31119442,1.171133399,1.159380078,1.211220503,1.259218574,1.300973773,1.26169014,1.237945318,1.269910455,1.234421492,1.201168537,1.206287622,1.121797919
Italy,Regulatory Quality: Estimate,RQ.EST,0.90430069,1.044891357,1.084582567,0.996279657,0.976830065,0.940306902,0.974892855,0.966553986,0.894350588,0.713232815,0.744578302,0.778938115,0.638065696,0.712536931,0.6978845,0.691279471,0.71514827,0.942923725,0.487740815,0.526738524,0.510931492,0.644031763
Jamaica,Regulatory Quality: Estimate,RQ.EST,0.235489205,0.214300141,0.151437998,0.165574804,0.217925176,0.269617617,0.250679165,0.218495637,0.233887821,0.245246693,0.176540703,0.184492603,0.073607624,0.015309299,0.096570387,0.06204417,0.129099026,0.084404744,0.042481516,0.184438393,0.190213531,0.098033436
Japan,Regulatory Quality: Estimate,RQ.EST,0.495340139,1.06996572,1.134423375,1.258731008,1.260202885,1.129177213,1.13206923,1.096569657,1.016682506,1.074261308,1.137580633,1.108954787,1.137973309,1.203647017,1.416575313,1.363643527,1.3342278,1.314648986,1.347087026,1.369840145,1.438772559,1.4693259
"Jersey, Channel Islands",Regulatory Quality: Estimate,RQ.EST,..,..,..,..,..,..,..,..,..,1.118989706,1.1546942,1.177722454,1.161241531,1.127351999,0.685695052,0.667225957,0.703678906,0.90963459,0.932986319,0.923121572,0.977046788,0.982145905
Jordan,Regulatory Quality: Estimate,RQ.EST,0.024381734,0.190872625,0.294872522,0.078226343,0.325835556,0.31518212,0.336663455,0.283120602,0.22959055,0.310276181,0.230972111,0.16557698,0.099131204,0.096883781,0.068042994,0.080302224,0.030843168,0.029683931,0.252726197,0.134313285,0.156793341,0.217705458
Kazakhstan,Regulatory Quality: Estimate,RQ.EST,-0.693716347,-0.403342277,-0.472706974,-0.281207561,-0.34330833,-0.350907624,-0.294380695,-0.268264323,-0.283094168,-0.235385776,-0.390580028,-0.375282854,-0.239125565,-0.090694651,-0.16123046,0.15485765,0.094623871,0.107311986,0.106146552,0.077017717,-0.011234054,0.065954529
Kenya,Regulatory Quality: Estimate,RQ.EST,-0.17692107,-0.328403115,-0.274853587,-0.288214594,-0.239396662,-0.317882091,-0.277211368,-0.178242475,-0.136400819,-0.240827635,-0.317458749,-0.326215893,-0.348395675,-0.368477911,-0.357900858,-0.28063798,-0.265344054,-0.338947535,-0.517190576,-0.460586369,-0.38082996,-0.390806586
Kiribati,Regulatory Quality: Estimate,RQ.EST,..,..,-0.250191599,-0.940376818,-1.006249666,-1.102148056,-1.172503114,-1.218986154,-1.318249226,-1.404945493,-1.326097369,-1.350589395,-0.930841029,-0.873311758,-0.815027714,-0.809913397,-0.662966728,-0.456636727,-0.430563331,-0.384524792,-0.261825949,-0.278862417
"Korea, Dem. People's Rep.",Regulatory Quality: Estimate,RQ.EST,-1.883404374,-2.069440126,-2.271371841,-2.281101704,-2.283280849,-2.279655457,-2.185884476,-2.393813133,-2.445492506,-2.453939676,-2.526690006,-2.522705078,-2.186969519,-2.358384132,-2.350102186,-2.368033648,-2.384815216,-2.418767452,-2.370465994,-2.342786789,-2.3930161,-2.386330366
"Korea, Rep.",Regulatory Quality: Estimate,RQ.EST,0.752522349,0.717727244,0.793975472,0.805072546,0.720584929,0.920578897,0.725823581,0.849306285,0.918371379,0.982293248,0.865391076,0.988611996,1.134037018,1.099334002,1.102617741,1.094510794,1.093749762,1.05925858,1.024950743,1.092285156,1.145222545,1.122523189
Kosovo,Regulatory Quality: Estimate,RQ.EST,..,..,..,..,..,0.037798978,0.032282241,0.061585706,-0.096795879,-0.151747063,-0.040483929,-0.040910311,-0.161953509,-0.319047421,-0.215008199,-0.156159088,-0.343168259,-0.387807816,-0.320575327,-0.288337767,-0.389362216,-0.295387387
Kuwait,Regulatory Quality: Estimate,RQ.EST,0.330263942,0.377949536,0.55799067,0.47053507,0.294112593,0.257980853,0.174718603,0.152733296,0.158382714,0.079868615,-0.04033019,-0.073968351,-0.147546113,-0.194866508,-0.088210523,-0.078654878,0.011418183,0.050189439,0.273751527,0.160742253,0.210080639,0.32092154
Kyrgyz Republic,Regulatory Quality: Estimate,RQ.EST,-0.140870079,-0.405866712,-0.389383018,-1.008081913,-0.656034946,-0.416844815,-0.350435883,-0.333194166,-0.26139462,-0.223706394,-0.34460786,-0.325828105,-0.450190425,-0.536658466,-0.38615638,-0.379888356,-0.397319168,-0.392827451,-0.450061172,-0.625227749,-0.632588208,-0.616720378
Lao PDR,Regulatory Quality: Estimate,RQ.EST,-1.203962922,-1.353559375,-1.301684022,-1.338195443,-1.280378819,-1.186761737,-1.136199117,-1.072931767,-1.01609683,-0.978830159,-0.832189977,-0.85806942,-0.880769193,-0.845904052,-0.756473005,-0.749761283,-0.824817896,-0.756039798,-0.840734363,-0.90892607,-0.987142563,-0.927797914
Latvia,Regulatory Quality: Estimate,RQ.EST,0.883539677,0.954042315,0.921956718,0.874489903,0.933780432,0.954827309,0.966387451,0.922658324,0.928532481,0.954886913,1.010626793,1.037102938,1.166745305,1.074820042,1.068692565,1.144818783,1.134443521,1.182479143,1.180404305,1.216103435,1.170886755,1.172222614
Lebanon,Regulatory Quality: Estimate,RQ.EST,-0.418498695,-0.148626938,-0.096090503,-0.180461526,-0.274100661,-0.343958229,-0.338716269,-0.101630218,0.022311693,-0.120911703,-0.137205541,-0.080781765,-0.295429081,-0.365562856,-0.416773975,-0.378620535,-0.454621404,-0.532850027,-0.768814564,-0.905129552,-1.132511377,-1.014461637
Lesotho,Regulatory Quality: Estimate,RQ.EST,-0.464417785,-0.567470014,-0.593988776,-0.633165061,-0.667670608,-0.716383755,-0.670076966,-0.649876177,-0.630146682,-0.638167918,-0.540954292,-0.37577191,-0.444160998,-0.462051779,-0.459403545,-0.384048194,-0.555366874,-0.607284188,-0.669014096,-0.757836819,-0.615311503,-0.590149462
Liberia,Regulatory Quality: Estimate,RQ.EST,-1.605015397,-1.631839752,-1.855968833,-1.589710236,-1.347984076,-1.11355567,-1.274245739,-1.175838113,-1.040091872,-1.081623197,-1.04993248,-0.923242867,-0.880495667,-0.904000461,-0.976915777,-0.980787039,-0.989606023,-1.008153439,-1.038943887,-0.963078558,-0.980886161,-0.923699856
Libya,Regulatory Quality: Estimate,RQ.EST,-1.620458484,-1.512556314,-1.359117389,-1.489054441,-1.462987185,-1.111046314,-1.092221141,-1.185801029,-1.298258781,-1.427940607,-1.621440768,-1.745176792,-2.09778738,-2.248596668,-2.21544075,-2.147807598,-2.215218067,-2.30232048,-2.221005201,-1.967465401,-2.089348078,-1.945918322
Liechtenstein,Regulatory Quality: Estimate,RQ.EST,1.663842082,1.658584237,1.558996558,1.606703877,1.34977591,1.378267288,1.398588419,1.513157368,1.525235057,1.496991038,1.552440047,1.571822166,1.422946215,1.376436114,1.360561728,1.485092521,1.522567987,1.529857516,1.620551705,1.528091311,1.629348516,1.621230841
Lithuania,Regulatory Quality: Estimate,RQ.EST,1.077029228,1.038295269,1.058151603,0.936665177,0.973231792,1.010036111,1.042177677,0.951837957,0.960122764,0.926461577,1.117751122,1.147009254,1.188768387,1.263809323,1.124584794,1.146234751,1.093714833,1.146624088,1.080174565,1.270186067,1.298881292,1.33804214
Luxembourg,Regulatory Quality: Estimate,RQ.EST,1.864336729,1.788604856,1.784244657,1.638608694,1.674869657,1.737618685,1.658034682,1.643333912,1.673909426,1.85898304,1.759886026,1.770977259,1.625041127,1.645575047,1.710010767,1.681957483,1.749134064,1.685110092,1.838177085,1.906693339,1.83396697,1.929063201
"Macao SAR, China",Regulatory Quality: Estimate,RQ.EST,0.698325157,1.170784235,1.583119035,1.111617446,1.102531433,0.877206326,1.027431726,1.280590653,1.349386215,1.332164168,1.349059939,1.339520335,1.726156354,1.762847781,1.772146821,1.750831127,1.606424332,1.620742798,1.737213492,1.777810216,1.82458806,1.794257283
Madagascar,Regulatory Quality: Estimate,RQ.EST,-0.29750821,-0.334958345,-0.384915322,-0.292555779,-0.250743836,-0.287419379,-0.373598516,-0.544540942,-0.605530262,-0.552348316,-0.576099575,-0.65914011,-0.716764987,-0.809338331,-0.735103726,-0.736412764,-0.785894692,-0.78888917,-0.811572015,-0.836634576,-0.815499842,-0.799546599
Malawi,Regulatory Quality: Estimate,RQ.EST,-0.532408297,-0.493568599,-0.621729493,-0.509587169,-0.583651543,-0.508220851,-0.542513907,-0.489193112,-0.637416422,-0.754333615,-0.712749183,-0.679982603,-0.819636703,-0.865665615,-0.881440103,-0.79025799,-0.723060787,-0.749148667,-0.785046399,-0.801559806,-0.739736259,-0.772310615
Malaysia,Regulatory Quality: Estimate,RQ.EST,0.520823359,0.591819644,0.461175561,0.634848475,0.5365358,0.504324913,0.286812037,0.269758821,0.611249983,0.547134578,0.477169961,0.567808211,0.799231291,0.704775095,0.663995385,0.671388507,0.575907409,0.547572374,0.66661346,0.714465439,0.64400661,0.660894275
Maldives,Regulatory Quality: Estimate,RQ.EST,0.939704359,0.926884115,-0.015420588,0.516670823,0.406536967,0.056400053,-0.373797566,-0.38104254,-0.38403827,-0.38474986,-0.401814729,-0.457175404,-0.374468446,-0.432607949,-0.495872647,-0.440038592,-0.531163573,-0.551773667,-0.588554084,-0.613875866,-0.657294631,-0.67203939
Mali,Regulatory Quality: Estimate,RQ.EST,-0.578485012,-0.577274203,-0.527328253,-0.559557259,-0.458761305,-0.39016974,-0.42413795,-0.408670276,-0.483745784,-0.404689968,-0.427046448,-0.519340336,-0.633841455,-0.633086145,-0.639129579,-0.616693497,-0.600795805,-0.623046398,-0.673809767,-0.634793401,-0.634121776,-0.679561257
Malta,Regulatory Quality: Estimate,RQ.EST,1.060881257,1.148790598,1.124591827,1.060323238,1.114864707,1.144415736,1.201978564,1.364444613,1.42860508,1.334326267,1.321319699,1.290717721,1.078362703,1.153905511,1.143844724,1.271568894,1.327443004,0.938031852,1.210128903,0.801096201,0.674093783,0.687359095
Marshall Islands,Regulatory Quality: Estimate,RQ.EST,..,..,..,-0.297008544,-0.945403099,-0.907076895,-1.043946028,-1.221962571,-1.236856818,-1.012740016,-1.058615327,-1.114945292,-1.003489852,-0.98415184,-0.890493035,-0.941972315,-0.797005653,-0.726854742,-0.670987487,-0.648921907,-0.394462466,-0.422844559
Martinique,Regulatory Quality: Estimate,RQ.EST,0.939704359,0.926884115,0.811198771,0.864074349,0.855286777,0.877206326,0.894702375,0.90409261,0.891692638,0.876391232,0.839919209,0.840776086,1.23212266,1.271965504,1.229950666,1.200184584,1.187329054,1.221926212,0.93036598,0.946981251,0.972116888,0.931279719
Mauritania,Regulatory Quality: Estimate,RQ.EST,0.172739282,-0.160814732,-0.149925396,-0.376651973,-0.466557533,-0.494043827,-0.678380013,-0.711697698,-0.843002915,-0.801002622,-0.652322829,-0.67119503,-0.832643926,-0.912680149,-0.788824499,-0.819411278,-0.865196943,-0.82778126,-0.894477546,-1.077205062,-1.062217236,-0.997108281
Mauritius,Regulatory Quality: Estimate,RQ.EST,0.303823948,0.431313217,0.391610295,0.412572384,0.46688959,0.46771723,0.742279768,0.756105363,0.801979423,0.767549992,0.931618333,0.89288491,1.196946621,1.136690974,1.094851136,1.050101399,1.043949246,1.01627028,1.181130648,1.159215689,1.166106105,1.064478636
Mexico,Regulatory Quality: Estimate,RQ.EST,0.438464433,0.335378051,0.410247594,0.160981357,0.346685439,0.368228048,0.31256935,0.177682906,0.156337783,0.184377462,0.418743193,0.418155193,0.359438211,0.276325017,0.199013442,0.182068795,0.084375463,0.012595196,-0.012910045,-0.251374453,-0.148309499,-0.171988308
"Micronesia, Fed. Sts.",Regulatory Quality: Estimate,RQ.EST,..,..,0.449361145,0.382686883,0.384345442,-0.233671769,-0.521241605,-0.65398711,-0.754009664,-0.911160231,-0.952287197,-0.944317877,-1.053829312,-0.998972118,-0.959161699,-0.994520307,-0.923807919,-0.902161479,-0.891345799,-0.711252928,-0.561271906,-0.580112159
Moldova,Regulatory Quality: Estimate,RQ.EST,-0.403108656,-0.41021201,-0.430486381,-0.460677326,-0.348091394,-0.283888221,-0.201783881,-0.144404069,-0.132566243,-0.103003003,-0.11593055,-0.085767806,0.014869669,-0.080935068,-0.133195177,-0.052342266,-0.032315399,-0.047521766,-0.010916068,0.003381098,0.101790711,0.105498053
Monaco,Regulatory Quality: Estimate,RQ.EST,..,..,..,..,..,..,..,..,..,..,..,..,..,1.271965504,1.229950666,1.200184584,1.187329054,1.221926212,1.335421324,1.359349608,1.398334026,1.350545764
Mongolia,Regulatory Quality: Estimate,RQ.EST,-0.10322991,-0.560890138,-0.495305836,-0.491697431,-0.321416348,-0.283821404,-0.351098925,-0.306162864,-0.258041173,-0.238061503,-0.216407061,-0.332616419,-0.277615696,-0.368251026,-0.099387668,-0.128521845,0.008206715,-0.002527024,-0.108932532,-0.253772855,-0.270890504,-0.17553468
Montenegro,Regulatory Quality: Estimate,RQ.EST,..,..,..,-0.132531121,-0.549078822,-0.127576694,-0.070495389,0.029315198,-0.007252727,0.000100756,0.034414675,0.093567498,0.175064266,0.226326779,0.234211266,0.323530018,0.391958714,0.394997239,0.42420873,0.420747459,0.543230414,0.374201149
Morocco,Regulatory Quality: Estimate,RQ.EST,-0.078193411,-0.284974277,-0.244661465,-0.437574357,-0.212712377,-0.215945512,-0.159162045,-0.090557851,-0.119565077,-0.176636279,-0.110853657,-0.091055743,-0.027915997,-0.098493114,-0.15564096,-0.158764094,-0.259155303,-0.154595122,-0.047914837,-0.133877844,-0.086889654,-0.064207993
Mozambique,Regulatory Quality: Estimate,RQ.EST,-0.414853543,-0.61850661,-0.493495107,-0.741414428,-0.626963675,-0.636888325,-0.51279074,-0.437218875,-0.453413218,-0.473082095,-0.46577546,-0.41751945,-0.435868889,-0.561899006,-0.749054015,-0.770824313,-0.796630502,-0.780855536,-0.772882998,-0.796027064,-0.726218462,-0.708528399
Myanmar,Regulatory Quality: Estimate,RQ.EST,-2.059803963,-2.031898499,-2.348572969,-2.127524614,-2.193645477,-2.273735046,-2.213251352,-2.234344482,-2.244580507,-2.102012873,-1.834657431,-1.500042915,-1.397878289,-1.247635365,-0.872649312,-0.839830458,-0.750430942,-0.753546059,-0.621483266,-1.118521333,-1.235084057,-1.436849356
Namibia,Regulatory Quality: Estimate,RQ.EST,0.582995772,0.224924058,0.230400413,0.142397329,0.173593417,0.046088159,0.376434058,0.241088286,0.213284954,0.09231393,0.155978978,0.164272174,0.076616585,0.044157978,-0.007049421,-0.117920652,-0.000688285,-0.00030195,0.0099776,-0.021197058,-0.015001387,-0.062260792
Nauru,Regulatory Quality: Estimate,RQ.EST,..,..,..,..,..,-0.697122276,-0.8705706,-1.007552266,-1.046699047,-1.081133485,-1.187861443,-1.375983119,-1.238886595,-0.834047914,-0.604751825,-0.811553121,-0.135701671,-0.139852852,-0.083867647,-0.0707452,0.019245401,0.009585857
Nepal,Regulatory Quality: Estimate,RQ.EST,-0.590202868,-0.414270848,-0.52077055,-0.530171871,-0.523552716,-0.580034494,-0.646401107,-0.722060025,-0.761707723,-0.734936655,-0.805144668,-0.858153939,-0.847787738,-0.831647515,-0.789327502,-0.739431858,-0.775707901,-0.735730886,-0.735240161,-0.642471373,-0.650234938,-0.661413729
Netherlands,Regulatory Quality: Estimate,RQ.EST,1.819209218,1.718166828,1.765661716,1.654107094,1.682605624,1.800438523,1.775118947,1.697055578,1.729081273,1.804837584,1.745505095,1.760917544,1.7631253,1.787697911,1.964846015,2.040488958,2.013643742,1.84916997,1.748252153,1.73918283,1.712272048,1.790966392
Netherlands Antilles,Regulatory Quality: Estimate,RQ.EST,..,..,0.642341197,0.864074349,0.855286777,0.877206326,0.894702375,0.90409261,0.891692638,0.876391232,0.839919209,0.840776086,..,..,..,..,..,..,..,..,..,..
New Zealand,Regulatory Quality: Estimate,RQ.EST,1.561941624,1.650785565,1.75323987,1.631622076,1.695319414,1.715987206,1.799912691,1.823738337,1.81236732,1.964113235,1.844799161,1.819136858,1.943838,1.91034615,2.027463913,2.081799269,2.000859737,1.871017337,1.874447942,1.802642822,1.865193009,1.910228372
Nicaragua,Regulatory Quality: Estimate,RQ.EST,-0.489535064,-0.470480889,-0.346080571,-0.445305258,-0.426474214,-0.450823009,-0.421554148,-0.435356438,-0.302378356,-0.353553355,-0.310052246,-0.308052003,-0.408892065,-0.419965863,-0.528951228,-0.695781589,-0.731356859,-0.714432657,-0.679826021,-0.852285445,-0.914733768,-0.878058851
Niger,Regulatory Quality: Estimate,RQ.EST,-0.772763193,-0.73002857,-0.683769524,-0.412261575,-0.553185999,-0.557963252,-0.464942008,-0.525119126,-0.564630508,-0.567633331,-0.60924989,-0.582843363,-0.743807316,-0.78047353,-0.720742762,-0.725769043,-0.682929277,-0.724168777,-0.798238993,-0.760396123,-0.720803857,-0.816925287
Nigeria,Regulatory Quality: Estimate,RQ.EST,-1.178755283,-1.230159998,-1.292817712,-0.792749345,-0.947573066,-0.894971669,-0.815719306,-0.760188282,-0.743477106,-0.699536264,-0.723069429,-0.681769371,-0.837622762,-0.887996912,-0.942333639,-0.917148352,-0.878198743,-0.940476418,-1.024434328,-0.944378197,-1.155944705,-0.936865151
Niue,Regulatory Quality: Estimate,RQ.EST,..,..,..,..,..,..,..,-0.941210926,-0.979257643,-0.937622845,-0.907032251,-0.920354486,..,..,..,..,..,..,..,..,0.130963504,0.110037498
North Macedonia,Regulatory Quality: Estimate,RQ.EST,-0.161741629,-0.173230603,0.020573849,-0.232430562,-0.09363433,0.042447865,0.119425923,0.194719598,0.237565532,0.215584025,0.264106423,0.247319892,0.421686172,0.359894544,0.383369863,0.44345054,0.515392661,0.441836089,0.435726047,0.405005574,0.452958882,0.427339256
Norway,Regulatory Quality: Estimate,RQ.EST,1.220713973,1.307568908,1.439240694,1.478502393,1.220952749,1.329770327,1.372900724,1.464951038,1.511984587,1.602969527,1.539739251,1.657411098,1.640582204,1.594650984,1.686348915,1.805526137,1.784188271,1.797894001,1.694269657,1.628607154,1.516139507,1.597523451
Oman,Regulatory Quality: Estimate,RQ.EST,0.684939325,0.673514068,0.646622002,0.547744989,0.603963792,0.612982988,0.696053743,0.526367486,0.442818642,0.31984368,0.466739267,0.471201926,0.688467622,0.557434797,0.597641349,0.406968594,0.160653666,0.275505722,0.444364667,0.315641969,0.432644993,0.43453747
Pakistan,Regulatory Quality: Estimate,RQ.EST,-0.877513707,-0.827369988,-1.049112082,-0.641119778,-0.479762465,-0.537263751,-0.599021852,-0.584045112,-0.613358259,-0.647816777,-0.722233474,-0.70500499,-0.688540936,-0.645115256,-0.662416399,-0.612370551,-0.667998254,-0.687235057,-0.764765918,-0.761585534,-0.886412621,-0.901008189
Palau,Regulatory Quality: Estimate,RQ.EST,..,..,..,..,..,..,-0.697195232,-0.825186074,-0.873330295,-0.897295654,-0.994980633,-0.991693199,-0.820562959,-0.078301847,0.126572132,-0.013574167,0.106942423,0.465048999,0.547488928,0.531117499,0.442982525,0.401355356
Panama,Regulatory Quality: Estimate,RQ.EST,0.520487428,0.337754071,0.259365588,0.159857556,0.313156545,0.396069229,0.705149293,0.396906674,0.472236633,0.534382701,0.468524963,0.447597444,0.476986915,0.447250634,0.468313783,0.4252958,0.385193199,0.380994022,0.322711378,0.177574456,0.127132148,0.118782818
Papua New Guinea,Regulatory Quality: Estimate,RQ.EST,-0.600399971,-0.644967973,-0.804753959,-0.993771374,-0.767391503,-0.60658735,-0.689178407,-0.578488111,-0.569594562,-0.527206063,-0.524210632,-0.522182047,-0.354396224,-0.567924321,-0.566701651,-0.665424407,-0.528640509,-0.543229759,-0.683947444,-0.829443157,-0.682209134,-0.642708242
Paraguay,Regulatory Quality: Estimate,RQ.EST,-0.583924294,-0.761302412,-0.7526384,-0.864246666,-0.702513158,-0.583475471,-0.49169004,-0.409247994,-0.361598462,-0.32660228,-0.261282653,-0.24729614,-0.205342337,-0.205608889,-0.229902908,-0.248225942,-0.089519158,-0.137215763,-0.139662296,-0.222117677,-0.169901669,-0.078939348
Peru,Regulatory Quality: Estimate,RQ.EST,-0.03976579,0.114225753,0.204360604,0.007082981,0.074825414,0.238475114,0.320967674,0.36664179,0.392820895,0.404832929,0.436642319,0.406301677,0.47424823,0.439279824,0.469326198,0.351487756,0.44338277,0.517202258,0.471264184,0.063778646,0.20857498,0.292205185
Philippines,Regulatory Quality: Estimate,RQ.EST,-0.157630756,-0.109684803,-0.369468063,-0.215828404,-0.19207485,-0.126927033,-0.079146676,-0.112535633,-0.215251356,-0.1609696,0.040504601,0.023147568,0.077303529,0.054170173,0.112924449,0.127081677,0.028766409,0.10019961,0.113156676,0.062373228,0.062785596,0.164254963
Poland,Regulatory Quality: Estimate,RQ.EST,0.650061429,0.694821358,0.75869143,0.812517762,0.701598585,0.768656671,0.844261587,0.976622403,1.023158789,0.958582044,0.996395767,1.05261457,1.063315392,0.954634428,0.906232059,0.805140138,0.874214768,1.013511658,0.850681961,0.831825614,0.71730566,0.780193567
Portugal,Regulatory Quality: Estimate,RQ.EST,1.247205257,1.222377777,1.187247157,1.279269099,1.064929008,1.081407785,1.100550771,0.98944813,0.717936516,0.62163049,0.821372986,0.798301339,0.745933354,0.941803694,0.832201719,0.897149801,0.874975383,0.957910359,0.822069168,0.724131644,0.762673318,0.75535655
Puerto Rico,Regulatory Quality: Estimate,RQ.EST,1.18108356,1.170784235,0.859443843,1.111617446,1.102531433,0.998032272,1.022703767,0.887313962,0.855329275,0.854432464,0.914866805,0.847472012,0.890397012,0.971896648,0.939097106,0.859504819,0.937738717,0.722416639,0.7840482,0.826616287,0.84851265,0.63785404
Qatar,Regulatory Quality: Estimate,RQ.EST,0.26886192,0.193475112,0.157274693,0.260314733,0.307922423,0.398662835,0.645742595,0.682819784,0.596593678,0.496541798,0.795837998,0.741280317,0.569621563,0.661839247,0.683504045,0.403701633,0.587529361,0.668833852,0.841679335,0.856976271,0.870516777,0.977040887
Reunion,Regulatory Quality: Estimate,RQ.EST,..,..,1.197158933,1.111617446,1.102531433,1.127736807,1.146645427,1.154883027,1.140559673,1.121402621,1.080566168,1.080097675,1.23212266,1.271965504,1.229950666,1.200184584,1.187329054,1.221926212,0.93036598,0.946981251,0.972116888,0.931279719
Romania,Regulatory Quality: Estimate,RQ.EST,0.045701791,-0.051850341,0.180780634,0.242886126,0.441958904,0.506391943,0.597521305,0.617714942,0.67256701,0.687459826,0.564533114,0.634414732,0.600805342,0.568357587,0.566330016,0.433020145,0.406415403,0.443314433,0.346217543,0.292271405,0.364533067,0.318900615
Russian Federation,Regulatory Quality: Estimate,RQ.EST,-0.237842888,-0.148958758,-0.100426845,-0.124243185,-0.388349891,-0.255605638,-0.349167258,-0.288328469,-0.310507625,-0.311618179,-0.346864879,-0.357476294,-0.402516544,-0.58007884,-0.443195045,-0.526991606,-0.562712371,-0.47659722,-0.483847022,-0.542337775,-1.141972661,-1.122071862
Rwanda,Regulatory Quality: Estimate,RQ.EST,-0.945764959,-0.860016048,-0.680962741,-1.00175786,-0.685272574,-0.691658378,-0.532337666,-0.335741609,-0.239782363,-0.18134591,-0.12608774,-0.030156894,0.185563326,0.147564426,0.011626933,0.079686984,0.033973776,-0.01019153,-0.000359975,0.061051052,0.162929788,0.124717452
Samoa,Regulatory Quality: Estimate,RQ.EST,-0.025812507,-0.04871612,-0.008966523,-0.050482985,-0.044892438,-0.082662143,-0.303847909,-0.241460204,-0.26935181,-0.323420256,-0.355457723,-0.272673458,-0.207312658,-0.077628694,-0.140860006,-0.082211792,-0.141316265,-0.260609269,-0.208590478,-0.219749257,-0.272904605,-0.270534545
San Marino,Regulatory Quality: Estimate,RQ.EST,..,..,..,..,..,..,..,..,..,..,..,..,..,0.52479142,0.491002738,0.463226497,0.440543503,0.448323607,0.525310516,0.534613013,0.545899749,0.931279719
Sao Tome and Principe,Regulatory Quality: Estimate,RQ.EST,-0.267191708,-0.536516249,-0.928992569,-0.91509521,-0.681605339,-0.817054868,-0.739144027,-0.774942636,-0.854655921,-0.749479055,-0.798958182,-0.807314754,-0.833610535,-0.837602377,-0.870378137,-0.891081989,-0.909116745,-0.967672408,-0.974100471,-0.947238505,-0.890242934,-0.940236151
Saudi Arabia,Regulatory Quality: Estimate,RQ.EST,-0.073314346,0.080750518,0.041980341,0.110850625,-0.046231199,0.017053837,0.120269671,0.159869671,0.15966104,0.024820386,0.099087514,0.07968884,-0.006104905,0.004832044,0.064568758,-0.017766574,-0.090882264,-0.088528037,0.24940148,0.323760301,0.418585479,0.517070889
Senegal,Regulatory Quality: Estimate,RQ.EST,-0.271161288,-0.308505297,-0.323487252,-0.260493904,-0.368648618,-0.404348582,-0.347913265,-0.324280888,-0.317569882,-0.245334327,-0.109142281,-0.073225945,-0.26208818,-0.224439725,-0.210808367,-0.195707217,-0.147642568,-0.175264254,-0.294217169,-0.322730869,-0.296521306,-0.345079482
Serbia,Regulatory Quality: Estimate,RQ.EST,-0.638883829,-0.611243188,-0.467083603,-0.623985469,-0.530395031,-0.437243164,-0.386879176,-0.182950586,-0.065657973,-0.016896952,-0.070326254,-0.0626247,0.181434169,0.136262819,0.024931239,-0.046661455,0.099695772,0.097264789,0.080396354,0.035520174,0.137092441,0.137915701
Seychelles,Regulatory Quality: Estimate,RQ.EST,0.456945926,0.682984054,-0.170286,0.453918278,0.190891683,0.012542915,-0.050411433,-0.006883712,-0.017649978,-0.081546515,-0.13128005,-0.110132016,-0.26845476,0.134930491,-0.090723507,0.010820714,0.019313708,0.028845681,0.021038041,0.006211027,0.327582836,0.211075112
Sierra Leone,Regulatory Quality: Estimate,RQ.EST,-1.347733498,-1.179167032,-1.091193676,-1.101499438,-1.142181635,-1.090546489,-0.9773615,-0.805877388,-0.760722637,-0.73083967,-0.710573137,-0.720584512,-0.822831988,-0.928697109,-0.948930025,-0.949866354,-0.918371916,-0.916900396,-0.90462321,-0.98027122,-1.055577874,-1.064179897
Singapore,Regulatory Quality: Estimate,RQ.EST,1.888890624,1.785252333,1.762279868,1.746806502,1.753630042,1.808868408,1.868738413,1.775740385,1.783599377,1.783230543,1.957902074,1.960108399,2.226360083,2.252235413,2.17064333,2.109154701,2.121737957,2.154437542,2.205299139,2.22689867,2.214378357,2.308591366
Slovak Republic,Regulatory Quality: Estimate,RQ.EST,0.903905571,0.91302371,1.083422542,1.126772285,1.084782243,0.974188089,1.078327537,1.048043728,0.999186158,0.999639213,1.040906668,0.92778039,0.885451794,0.772586048,0.876968384,0.812015295,0.798312306,0.997581124,0.774733365,0.866957545,0.850252986,0.601919115
Slovenia,Regulatory Quality: Estimate,RQ.EST,0.851863027,0.881739914,0.844685614,0.883193433,0.794790149,0.800101042,0.847147286,0.913787246,0.759355605,0.69279635,0.625475347,0.624960363,0.657770276,0.609880984,0.627829552,0.564625978,0.642297328,0.997022331,0.912210226,0.822128713,0.694944024,0.731421769
Solomon Islands,Regulatory Quality: Estimate,RQ.EST,..,..,-0.949744344,-0.975333095,-1.105919957,-1.137445092,-1.193495393,-1.220026255,-1.20244503,-1.055239081,-1.044333339,-1.110217571,-1.100647211,-0.973001599,-0.97360158,-0.81033957,-0.847762167,-0.835665345,-0.832646549,-0.847071648,-0.766386211,-0.780060709
Somalia,Regulatory Quality: Estimate,RQ.EST,-2.068249941,-2.039961815,-2.299372673,-2.206925154,-2.493313074,-2.43264842,-2.547725677,-2.490455866,-2.301243305,-2.332045794,-2.224690437,-2.207792521,-2.072233677,-2.101894855,-2.184588909,-2.284104824,-2.08894062,-2.148591757,-1.953612566,-1.836232662,-1.900155783,-1.879818201
South Africa,Regulatory Quality: Estimate,RQ.EST,0.733767986,0.819586337,0.692467272,0.715097189,0.74697268,0.595666349,0.656967223,0.449182034,0.44557327,0.446406275,0.398661673,0.380482465,0.230833724,0.208593905,0.119783156,0.138877571,-0.040778168,0.008505391,0.020494822,-0.090708636,-0.185125753,-0.223697945
South Sudan,Regulatory Quality: Estimate,RQ.EST,..,..,..,..,..,..,..,..,..,-1.720938444,-1.449887633,-1.517484426,-1.643804073,-1.673457623,-1.804660559,-1.933432341,-2.035826683,-1.984623671,-2.010436773,-2.004423141,-2.103992701,-2.117244959
Spain,Regulatory Quality: Estimate,RQ.EST,1.329032183,1.304303527,1.306747794,1.30437541,1.176645756,1.215253234,1.254889965,1.187052488,1.15819037,1.060738206,0.947154939,0.932680726,0.74645406,0.791497886,0.996483803,0.930761218,0.938154161,1.037264585,0.755449116,0.797288954,0.797074437,0.693764329
Sri Lanka,Regulatory Quality: Estimate,RQ.EST,0.124769226,0.034730762,-0.083361119,-0.423394442,-0.272532344,-0.297004074,-0.385201991,-0.294943988,-0.248191312,-0.131351128,-0.125741094,-0.166235015,-0.10895326,-0.0587589,-0.123026699,-0.162278667,-0.217681855,-0.232445598,-0.225914791,-0.38943544,-0.653642833,-0.507761836
St. Kitts and Nevis,Regulatory Quality: Estimate,RQ.EST,..,..,0.111298248,1.324107885,1.285441875,1.053263545,1.146645427,1.154883027,1.140559673,1.121402621,1.080566168,1.080097675,0.529373944,0.709728956,0.709396422,0.541024446,0.49864164,0.486974269,0.514629245,0.53940779,0.58444494,0.541928887
St. Lucia,Regulatory Quality: Estimate,RQ.EST,..,..,0.153365374,1.260209203,1.12860322,0.765413165,0.434909999,0.497561961,0.347569495,0.439209849,0.308906913,0.291050583,0.270610958,0.308875561,0.267580539,0.315735459,0.337109506,0.300285727,0.372113407,0.383640796,0.439211994,0.397178859
St. Vincent and the Grenadines,Regulatory Quality: Estimate,RQ.EST,..,..,0.140641779,1.239577889,0.905649722,0.71949774,0.434909999,0.497561961,0.321675181,0.351851404,0.342154562,0.321960688,0.357046247,0.275838017,0.259495288,0.251334965,0.30456084,0.27475816,0.345437974,0.34358573,0.348867625,0.31760639
Sudan,Regulatory Quality: Estimate,RQ.EST,-1.281219721,-1.418015361,-1.197614193,-1.384861946,-1.204652309,-1.315864444,-1.441465974,-1.274795175,-1.344850659,-1.316548586,-1.477985501,-1.463778138,-1.445106983,-1.504510403,-1.486272931,-1.578617334,-1.644064665,-1.669680119,-1.570901155,-1.476986885,-1.581311107,-1.603139162
Suriname,Regulatory Quality: Estimate,RQ.EST,-0.677856028,-0.575908244,-0.650516927,-0.520047545,-0.52555269,-0.593855679,-0.541388154,-0.612616003,-0.667498529,-0.58248961,-0.476160944,-0.44600299,-0.634206414,-0.631722152,-0.642956674,-0.557062507,-0.668974459,-0.701412082,-0.795015275,-0.721502066,-0.789872885,-0.728055537
Sweden,Regulatory Quality: Estimate,RQ.EST,1.590243936,1.610253572,1.669409156,1.532868862,1.439547062,1.572997212,1.635884047,1.649703622,1.656240582,1.892241955,1.900038838,1.895466685,1.805163264,1.803804874,1.842773318,1.790045738,1.825504899,1.793261528,1.678616405,1.745321631,1.681576967,1.718017101
Switzerland,Regulatory Quality: Estimate,RQ.EST,1.733826637,1.683715343,1.636825681,1.550629139,1.495481372,1.645464301,1.562006712,1.549013495,1.620867133,1.61533618,1.651066184,1.619792342,1.800340295,1.729456306,1.900379658,1.875574946,1.791235805,1.65198791,1.584892631,1.723315477,1.620113015,1.729380012
Syrian Arab Republic,Regulatory Quality: Estimate,RQ.EST,-1.022779346,-1.055394173,-1.103693247,-0.985814393,-1.335150123,-1.33315742,-1.135349393,-0.918233693,-0.855281353,-0.952119052,-1.530745149,-1.545633554,-1.684552789,-1.664717913,-1.684930086,-1.853042841,-1.759668589,-1.77942121,-1.891613841,-1.646809816,-1.823899746,-1.810112953
"Taiwan, China",Regulatory Quality: Estimate,RQ.EST,1.010753751,1.008325219,1.155298948,0.930255949,0.843208909,0.947522938,1.00401032,1.041004539,1.114898801,1.111809015,1.180826187,1.135525942,1.29879117,1.332924247,1.27639544,1.360435247,1.37460053,1.396167874,1.36607933,1.473266959,1.409888744,1.451695681
Tajikistan,Regulatory Quality: Estimate,RQ.EST,-1.346471786,-1.089490056,-1.12121141,-1.127930045,-1.106146812,-1.132352829,-1.077060342,-1.064246535,-1.010269761,-0.977914989,-1.011844516,-1.066145539,-1.036864042,-1.064184427,-1.118531585,-1.097772956,-1.100579858,-1.061833382,-1.072057724,-1.154771566,-1.197977424,-1.178222895
Tanzania,Regulatory Quality: Estimate,RQ.EST,-0.660840333,-0.611833632,-0.495821655,-0.492080003,-0.407301128,-0.457430691,-0.543911099,-0.470705569,-0.462349176,-0.449195504,-0.410142124,-0.353273869,-0.363270283,-0.427903473,-0.483072639,-0.61011517,-0.640993357,-0.668204069,-0.689335167,-0.640137732,-0.563533366,-0.588394701
Thailand,Regulatory Quality: Estimate,RQ.EST,0.138986304,0.357130826,0.219655558,0.453963399,0.229795873,0.086198561,0.11253725,0.121483989,0.061810683,0.0903828,0.137224212,0.130639657,0.174806476,0.195901737,0.052868694,0.007616858,-0.044096656,-0.021945093,0.063660756,0.083535075,0.165019408,0.158257782
Timor-Leste,Regulatory Quality: Estimate,RQ.EST,-1.232708693,-1.268216372,-1.148065329,-1.149459362,-1.554423809,-1.632848859,-1.341633081,-1.159774542,-1.110628128,-1.052828908,-1.023702502,-0.991481781,-0.905718267,-0.993646324,-0.993600726,-0.743774116,-0.792416215,-0.775254309,-0.763640761,-0.777108014,-0.472811252,-0.487927586
Togo,Regulatory Quality: Estimate,RQ.EST,-0.785779953,-0.687587142,-0.864377677,-0.84233588,-0.91953963,-0.975777388,-0.973068416,-0.877426922,-0.887266576,-1.018981934,-0.855400681,-0.940925956,-0.8451882,-0.863928974,-0.834297657,-0.83218658,-0.70613569,-0.744945109,-0.664301932,-0.646790862,-0.562867999,-0.493230194
Tonga,Regulatory Quality: Estimate,RQ.EST,..,..,-0.515539229,-0.515336812,-0.690099478,-0.719671786,-0.792954564,-0.574568629,-0.579521,-0.599480748,-0.645014048,-0.655830562,-0.427611589,-0.423639238,-0.431269497,-0.406208128,-0.362755716,-0.319078892,-0.380405098,-0.315788686,-0.347820729,-0.393207431
Trinidad and Tobago,Regulatory Quality: Estimate,RQ.EST,0.724952698,0.677086234,0.629554689,0.596351504,0.670382082,0.657228649,0.663967788,0.57155478,0.539660513,0.521160543,0.245129809,0.210611492,0.145356745,0.058190934,-0.02195706,0.009847627,-0.131842151,-0.192311719,-0.177748173,-0.095458128,-0.074092187,-0.13073504
Tunisia,Regulatory Quality: Estimate,RQ.EST,-0.089518681,-0.008071034,-0.114593126,-0.043587729,0.191378027,0.066711374,0.087893672,-0.006240557,-0.087301865,-0.266437083,-0.242597431,-0.285445631,-0.339506477,-0.388389468,-0.453965753,-0.362543464,-0.494956315,-0.385123879,-0.303489238,-0.400296509,-0.414175898,-0.619132638
Turkiye,Regulatory Quality: Estimate,RQ.EST,0.055775434,0.015878489,0.030695695,0.269054443,0.280463099,0.329305053,0.269334227,0.288754821,0.312994033,0.393024772,0.450981587,0.463030308,0.432501823,0.273797631,0.193467319,0.043469105,0.016247209,-0.02041775,-0.024792725,-0.10066618,-0.244638905,-0.229510218
Turkmenistan,Regulatory Quality: Estimate,RQ.EST,-1.667082429,-1.744266748,-1.841409445,-1.789073229,-2.087571383,-2.009495258,-1.959103823,-1.967352509,-2.061424971,-2.050928116,-2.114089966,-2.132285595,-2.097846508,-2.102107048,-2.115457773,-1.999273181,-2.00086236,-2.029188871,-2.054598331,-2.030894041,-2.067060709,-2.068097591
Tuvalu,Regulatory Quality: Estimate,RQ.EST,..,..,-0.081334054,-0.410195917,-0.727358162,-0.819225967,-1.093340158,-1.011516452,-1.152947545,-1.176823378,-1.231591344,-1.306704044,-0.875857711,-0.652310669,-0.571276486,-0.773564935,-0.470841706,-0.403398484,-0.317361802,-0.292559326,-0.144963637,-0.190622672
Uganda,Regulatory Quality: Estimate,RQ.EST,-0.149828881,-0.170014277,-0.113614902,-0.268432379,-0.252237618,-0.250690669,-0.255989254,-0.192969292,-0.201333165,-0.176683009,-0.262373745,-0.276472032,-0.256649405,-0.319013208,-0.272560328,-0.263932079,-0.286415815,-0.41451624,-0.482214451,-0.490780681,-0.490339339,-0.517365336
Ukraine,Regulatory Quality: Estimate,RQ.EST,-0.624253511,-0.555056512,-0.347879618,-0.510850072,-0.486631006,-0.409717262,-0.516110599,-0.559112489,-0.454440266,-0.563705266,-0.554683208,-0.585612416,-0.586776257,-0.618873358,-0.410622746,-0.281774551,-0.256266981,-0.216642439,-0.266943336,-0.290212572,-0.331597328,-0.266427398
United Arab Emirates,Regulatory Quality: Estimate,RQ.EST,1.078349113,0.638878942,0.792539001,0.651603818,0.624527931,0.60901165,0.567518592,0.443285644,0.318565339,0.445208371,0.670992136,0.774973035,0.987515152,1.096596956,0.95991838,1.000954628,0.91985476,0.96813792,1.074331045,1.006122708,1.034780741,1.042391419
United Kingdom,Regulatory Quality: Estimate,RQ.EST,1.708124042,1.647805929,1.726345778,1.613183498,1.839908719,1.868066311,1.785267949,1.581597805,1.730519772,1.649374008,1.637840033,1.761087894,1.819528937,1.834661007,1.749326229,1.705333829,1.769423246,1.612857223,1.474023938,1.452374935,1.566510081,1.536566734
United States,Regulatory Quality: Estimate,RQ.EST,1.551741362,1.568514585,1.559834719,1.60669601,1.640943408,1.49368763,1.532458067,1.398337722,1.443845391,1.455096602,1.294393897,1.260388613,1.276289463,1.242206693,1.485620737,1.619457603,1.613139987,1.33457458,1.238437533,1.440957189,1.424439907,1.393732786
Uruguay,Regulatory Quality: Estimate,RQ.EST,0.55635494,0.311726302,0.299977809,0.41782546,0.401181012,0.380375654,0.396923661,0.505946875,0.599306583,0.609196186,0.599089086,0.715800822,0.723710597,0.588026166,0.681275368,0.644548297,0.623031616,0.613631606,0.687180042,0.719142973,0.713579416,0.675111055
Uzbekistan,Regulatory Quality: Estimate,RQ.EST,-1.510510683,-1.423900008,-1.581190109,-1.513823986,-1.628457427,-1.506052732,-1.363840461,-1.469173312,-1.536477327,-1.557781339,-1.579983473,-1.603982806,-1.729825616,-1.688058972,-1.63551414,-1.291474462,-1.138668895,-1.055322766,-0.999216437,-0.595436335,-0.55031544,-0.576817334
Vanuatu,Regulatory Quality: Estimate,RQ.EST,..,..,0.063400999,0.247530341,0.001730393,-0.446476102,-0.697731018,-0.679592252,-0.781638503,-0.684840024,-0.744923711,-0.537155151,-0.325082302,-0.33227396,-0.29666853,-0.31760475,-0.434423208,-0.425862521,-0.379000276,-0.108174562,-0.090816133,-0.119526424
"Venezuela, RB",Regulatory Quality: Estimate,RQ.EST,-0.666176438,-1.002670527,-1.065405965,-1.099601746,-1.208008647,-1.443938136,-1.372148633,-1.559879422,-1.563119769,-1.402885199,-1.444834471,-1.529261708,-1.740042567,-1.872669816,-1.999046326,-1.984669447,-2.386736393,-2.38258338,-2.267459154,-2.215185881,-2.045843363,-2.026247501
Viet Nam,Regulatory Quality: Estimate,RQ.EST,-0.766993642,-0.637721121,-0.556896567,-0.601215303,-0.625979781,-0.572598636,-0.630675972,-0.633366287,-0.631919384,-0.609958649,-0.676629722,-0.652517498,-0.602058232,-0.505210996,-0.502611756,-0.433779716,-0.37249127,-0.3752608,-0.236916333,-0.404661357,-0.429956317,-0.382607728
Virgin Islands (U.S.),Regulatory Quality: Estimate,RQ.EST,..,..,1.269526482,1.111617446,0.608042121,0.626675904,0.642759264,0.653302133,0.642825544,0.631379724,0.599272251,0.601454556,0.529373944,0.52479142,0.860476732,0.831705511,0.813936293,1.221926212,1.335421324,1.359349608,1.398334026,1.350545764
West Bank and Gaza,Regulatory Quality: Estimate,RQ.EST,-0.991329432,-1.024316311,-0.637341201,-1.060214877,-1.015352607,-1.199777246,-1.120842099,-0.209515676,0.213046864,0.199400276,0.072572045,0.119205616,0.205778599,0.080587633,0.048176896,0.004177555,0.000736609,0.001692488,0.054560505,-0.05932036,-0.036869179,-0.279209316
"Yemen, Rep.",Regulatory Quality: Estimate,RQ.EST,-0.88151294,-0.778926432,-0.884178817,-0.83576411,-0.773362696,-0.675990701,-0.725814462,-0.641269386,-0.615789056,-0.843221605,-0.698649287,-0.73860395,-0.90968436,-1.15677309,-1.49802947,-1.481473327,-1.636975169,-1.702667832,-1.857521653,-2.04068327,-1.917549729,-1.843050718
Zambia,Regulatory Quality: Estimate,RQ.EST,-0.760921121,-0.640948832,-0.629703283,-0.74261868,-0.655606568,-0.567137718,-0.508774042,-0.542492092,-0.524832308,-0.467423737,-0.444079787,-0.494722933,-0.53390485,-0.495386928,-0.539625227,-0.516228199,-0.52729851,-0.613412023,-0.687793911,-0.570348263,-0.52905792,-0.498100042
Zimbabwe,Regulatory Quality: Estimate,RQ.EST,-1.798833966,-1.855191708,-1.974932075,-2.201544046,-1.934421778,-2.075259686,-2.064896107,-2.080981731,-2.001823902,-1.89214921,-1.871890545,-1.854898691,-1.892657995,-1.656233072,-1.69492197,-1.577553749,-1.525652409,-1.486515284,-1.43441534,-1.386109114,-1.425967336,-1.338358641